Workbook

Sheet Vector-Matrix Multiplication
D2: ='Model-power matrix'!D2 -> On | E2: ='Model-power matrix'!E2 -> Off
C3: ='Model-power matrix'!C3 -> On | D3: ='Model-power matrix'!D3 -> 0.5 | E3: ='Model-power matrix'!E3 -> 0.5
C4: ='Model-power matrix'!C4 -> Off | D4: ='Model-power matrix'!D4 -> 1 | E4: ='Model-power matrix'!E4 -> 0
C6: Vector | D6: 1 | E6: 0
C7: Iter.1 | D7: {=MMULT(D6:E6,$D$3:$E$4)} -> 0.5 | E7: 0.5
C8: Iter.2 | D8: {=MMULT(D7:E7,$D$3:$E$4)} -> 0.75 | E8: 0.25
C9: Iter.3 | D9: {=MMULT(D8:E8,$D$3:$E$4)} -> 0.625 | E9: 0.375
C10: Iter.4 | D10: {=MMULT(D9:E9,$D$3:$E$4)} -> 0.6875 | E10: 0.3125
C11: Iter.5 | D11: {=MMULT(D10:E10,$D$3:$E$4)} -> 0.65625 | E11: 0.34375
C12: Iter.6 | D12: {=MMULT(D11:E11,$D$3:$E$4)} -> 0.671875 | E12: 0.328125
C13: Iter.7 | D13: {=MMULT(D12:E12,$D$3:$E$4)} -> 0.6640625 | E13: 0.3359375
C14: Iter.8 | D14: {=MMULT(D13:E13,$D$3:$E$4)} -> 0.66796875 | E14: 0.33203125
C15: Iter.9 | D15: {=MMULT(D14:E14,$D$3:$E$4)} -> 0.66601562 | E15: 0.33398438
C16: Iter.10 | D16: {=MMULT(D15:E15,$D$3:$E$4)} -> 0.66699219 | E16: 0.33300781
C17: Iter.11 | D17: {=MMULT(D16:E16,$D$3:$E$4)} -> 0.66650391 | E17: 0.33349609
C18: Iter.12 | D18: {=MMULT(D17:E17,$D$3:$E$4)} -> 0.66674805 | E18: 0.33325195
... C27: Iter.21 | D27: {=MMULT(D26:E26,$D$3:$E$4)} -> 0.66666651 | E27: 0.33333349

Sheet Model-power matrix
B2: M | D2: On | E2: Off
C3: On | D3: 0.5 | E3: 0.5
C4: Off | D4: 1 | E4: 0
C6: M^2 | D6: {=MMULT(D3:E4,D3:E4)} -> 0.75 | E6: 0.25
D7: 0.5 | E7: 0.5
C9: M^4 | D9: {=MMULT(D6:E7,D6:E7)} -> 0.6875 | E9: 0.3125
D10: 0.625 | E10: 0.375
C12: M^8 | D12: {=MMULT(D9:E10,D9:E10)} -> 0.66796875 | E12: 0.33203125
D13: 0.6640625 | E13: 0.3359375
C15: M^16 | D15: {=MMULT(D12:E13,D12:E13)} -> 0.66667175 | E15: 0.33332825
D16: 0.66665649 | E16: 0.33334351
C18: M^32 | D18: {=MMULT(D15:E16,D15:E16)} -> 0.66666667 | E18: 0.33333333
D19: 0.66666667 | E19: 0.33333333
C21: M^64 | D21: {=MMULT(D18:E19,D18:E19)} -> 0.66666667 | E21: 0.33333333
D22: 0.66666667 | E22: 0.33333333

Sheet DTMC simulator
D2: ='Model-power matrix'!D2 -> On | E2: ='Model-power matrix'!E2 -> Off | H2: Initial state: | I2: On
B3: M | C3: ='Model-power matrix'!C3 -> On | D3: ='Model-power matrix'!D3 -> 0.5 | E3: ='Model-power matrix'!E3 -> 0.5 | L3: Probabilities distribution (result vector):
C4: ='Model-power matrix'!C4 -> Off | D4: ='Model-power matrix'!D4 -> 1 | E4: ='Model-power matrix'!E4 -> 0 | G4: Hops | H4: Random | I4: Old | J4: New | L4: State | M4: Count | N4: Prob.
G5: 1 | H5: =RAND() -> 0.65046361 | I5: =I2 -> On | J5: =IF(I5=C$9,IF(H5<D$9,D$8,E$8),IF(I5=C$10,IF(H5<D$10,D$8,E$8))) -> Off | L5: =C9 -> On | M5: =COUNTIF($J$5:$J$1004,L5) -> 665 | N5: =M5/$M$7 -> 0.665
B6: Build a M' with accumulated probabilities | G6: 2 | H6: =RAND() -> 0.77867551 | I6: =J5 -> Off | J6: =IF(I6=C$9,IF(H6<D$9,D$8,E$8),IF(I6=C$10,IF(H6<D$10,D$8,E$8))) -> On | L6: =C10 -> Off | M6: =COUNTIF($J$5:$J$1004,L6) -> 335 | N6: =M6/$M$7 -> 0.335
G7: 3 | H7: =RAND() -> 0.58770787 | I7: =J6 -> On | J7: =IF(I7=C$9,IF(H7<D$9,D$8,E$8),IF(I7=C$10,IF(H7<D$10,D$8,E$8))) -> Off | L7: Samples: | M7: =SUM(M5:M6) -> 1000 | N7: =SUM(N5:N6) -> 1
D8: =D2 -> On | E8: =E2 -> Off | G8: 4 | H8: =RAND() -> 0.13565132 | I8: =J7 -> Off | J8: =IF(I8=C$9,IF(H8<D$9,D$8,E$8),IF(I8=C$10,IF(H8<D$10,D$8,E$8))) -> On
B9: M' | C9: =C3 -> On | D9: =D3 -> 0.5 | E9: =D9+E3 -> 1 | G9: 5 | H9: =RAND() -> 0.24467606 | I9: =J8 -> On | J9: =IF(I9=C$9,IF(H9<D$9,D$8,E$8),IF(I9=C$10,IF(H9<D$10,D$8,E$8))) -> On
C10: =C4 -> Off | D10: =D4 -> 1 | E10: =D10+E4 -> 1 | G10: 6 | H10: =RAND() -> 0.4246664 | I10: =J9 -> On | J10: =IF(I10=C$9,IF(H10<D$9,D$8,E$8),IF(I10=C$10,IF(H10<D$10,D$8,E$8))) -> On
G11: 7 | H11: =RAND() -> 0.87541234 | I11: =J10 -> On | J11: =IF(I11=C$9,IF(H11<D$9,D$8,E$8),IF(I11=C$10,IF(H11<D$10,D$8,E$8))) -> Off
G12: 8 | H12: =RAND() -> 0.48819302 | I12: =J11 -> Off | J12: =IF(I12=C$9,IF(H12<D$9,D$8,E$8),IF(I12=C$10,IF(H12<D$10,D$8,E$8))) -> On
G13: 9 | H13: =RAND() -> 0.51484238 | I13: =J12 -> On | J13: =IF(I13=C$9,IF(H13<D$9,D$8,E$8),IF(I13=C$10,IF(H13<D$10,D$8,E$8))) -> Off
G14: 10 | H14: =RAND() -> 0.11818441 | I14: =J13 -> Off | J14: =IF(I14=C$9,IF(H14<D$9,D$8,E$8),IF(I14=C$10,IF(H14<D$10,D$8,E$8))) -> On
G15: 11 | H15: =RAND() -> 0.86890316 | I15: =J14 -> On | J15: =IF(I15=C$9,IF(H15<D$9,D$8,E$8),IF(I15=C$10,IF(H15<D$10,D$8,E$8))) -> Off
G16: 12 | H16: =RAND() -> 0.26818556 | I16: =J15 -> Off | J16: =IF(I16=C$9,IF(H16<D$9,D$8,E$8),IF(I16=C$10,IF(H16<D$10,D$8,E$8))) -> On
G17: 13 | H17: =RAND() -> 0.51391434 | I17: =J16 -> On | J17: =IF(I17=C$9,IF(H17<D$9,D$8,E$8),IF(I17=C$10,IF(H17<D$10,D$8,E$8))) -> Off
G18: 14 | H18: =RAND() -> 0.85644221 | I18: =J17 -> Off | J18: =IF(I18=C$9,IF(H18<D$9,D$8,E$8),IF(I18=C$10,IF(H18<D$10,D$8,E$8))) -> On
G19: 15 | H19: =RAND() -> 0.52616898 | I19: =J18 -> On | J19: =IF(I19=C$9,IF(H19<D$9,D$8,E$8),IF(I19=C$10,IF(H19<D$10,D$8,E$8))) -> Off
G20: 16 | H20: =RAND() -> 0.013650299 | I20: =J19 -> Off | J20: =IF(I20=C$9,IF(H20<D$9,D$8,E$8),IF(I20=C$10,IF(H20<D$10,D$8,E$8))) -> On
G21: 17 | H21: =RAND() -> 0.99480423 | I21: =J20 -> On | J21: =IF(I21=C$9,IF(H21<D$9,D$8,E$8),IF(I21=C$10,IF(H21<D$10,D$8,E$8))) -> Off
G22: 18 | H22: =RAND() -> 0.15939087 | I22: =J21 -> Off | J22: =IF(I22=C$9,IF(H22<D$9,D$8,E$8),IF(I22=C$10,IF(H22<D$10,D$8,E$8))) -> On
... G1004: 1000 | H1004: =RAND() -> 0.50367633 | I1004: =J1003 -> On | J1004: =IF(I1004=C$9,IF(H1004<D$9,D$8,E$8),IF(I1004=C$10,IF(H1004<D$10,D$8,E$8))) -> Off
